{
    "__comment": "",
    "display": {
        "title": {
            "text": "A new Home  - Welcome to Wullestor",
            "color": "gold",
            "bold": false
        },
        "description": {
            "text": "Placed a block in a new world. This is a World made by planetminecraft.com/member/McMeddon and now... you can make it to your world"
        },
        "icon": {
            "item": "minecraft:diamond"
        },
        "frame": "goal",
        "show_toast": true,
        "announce_to_chat": true,
        "hidden": false,
        "background": "minecraft:textures/gui/advancements/backgrounds/stone.png"
    },
    "criteria": {
        "placedblock": {
            "trigger": "minecraft:placed_block",
            "conditions": {
                "block": "minecraft:dirt"
            }
        }
    },
    "rewards": {
        "experience": 50
    }
}