{"stats":{"minecraft:picked_up":{"minecraft:gold_ingot":16,"minecraft:emerald":7,"minecraft:iron_nugget":47,"minecraft:gold_nugget":26},"minecraft:custom":{"minecraft:jump":7,"minecraft:time_since_rest":4162,"minecraft:leave_game":1,"minecraft:play_time":4162,"minecraft:sprint_one_cm":454,"minecraft:time_since_death":4162,"minecraft:walk_one_cm":897,"minecraft:sneak_time":8,"minecraft:total_world_time":4162,"minecraft:fly_one_cm":74446},"minecraft:used":{"tac:workbench":1,"rottencreatures:treasure_chest":1}},"DataVersion":2975}