{
  "minecraft:adventure/adventuring_time": {
    "criteria": {
      "minecraft:old_growth_pine_taiga": "2022-03-28 16:32:14 +0200",
      "minecraft:badlands": "2022-03-28 16:38:16 +0200",
      "minecraft:beach": "2022-03-28 16:36:22 +0200",
      "minecraft:river": "2022-03-28 16:31:10 +0200",
      "minecraft:forest": "2022-03-28 16:32:22 +0200",
      "minecraft:desert": "2022-03-28 16:35:38 +0200",
      "minecraft:savanna": "2022-03-28 16:36:49 +0200",
      "minecraft:plains": "2022-03-28 16:30:59 +0200"
    },
    "done": false
  },
  "DataVersion": 2865
}